-- MySQL dump 10.13  Distrib 9.5.0, for macos26.0 (arm64)
--
-- Host: localhost    Database: TechVibe
-- ------------------------------------------------------
-- Server version	8.0.30

/*!40101 SET @OLD_CHARACTER_SET_CLIENT=@@CHARACTER_SET_CLIENT */;
/*!40101 SET @OLD_CHARACTER_SET_RESULTS=@@CHARACTER_SET_RESULTS */;
/*!40101 SET @OLD_COLLATION_CONNECTION=@@COLLATION_CONNECTION */;
/*!50503 SET NAMES utf8mb4 */;
/*!40103 SET @OLD_TIME_ZONE=@@TIME_ZONE */;
/*!40103 SET TIME_ZONE='+00:00' */;
/*!40014 SET @OLD_UNIQUE_CHECKS=@@UNIQUE_CHECKS, UNIQUE_CHECKS=0 */;
/*!40014 SET @OLD_FOREIGN_KEY_CHECKS=@@FOREIGN_KEY_CHECKS, FOREIGN_KEY_CHECKS=0 */;
/*!40101 SET @OLD_SQL_MODE=@@SQL_MODE, SQL_MODE='NO_AUTO_VALUE_ON_ZERO' */;
/*!40111 SET @OLD_SQL_NOTES=@@SQL_NOTES, SQL_NOTES=0 */;

--
-- Dumping data for table `carrelli`
--

LOCK TABLES `carrelli` WRITE;
/*!40000 ALTER TABLE `carrelli` DISABLE KEYS */;
INSERT INTO `carrelli` (`id_carrello`, `id_utente`, `session_id`, `data_creazione`, `data_ultima_modifica`) VALUES (1,3,NULL,'2025-10-30 12:24:59','2025-10-30 12:24:59'),(2,19,NULL,'2025-10-30 12:31:19','2025-10-30 12:31:19'),(3,34,NULL,'2025-10-30 12:33:35','2025-10-30 12:33:35'),(4,NULL,'68FFF8D09A3C7DC4D8C8E130CD5B310E','2025-10-30 12:53:08','2025-10-30 12:53:08'),(5,29,NULL,'2025-10-30 12:58:17','2025-10-30 12:58:17'),(6,53,NULL,'2025-10-30 13:15:44','2025-10-30 13:15:44'),(7,NULL,'CC2C8CAE5704BD635C2DAF1B258CE29D','2025-10-30 15:34:53','2025-10-30 15:34:53'),(8,40,NULL,'2025-10-30 15:36:04','2025-10-30 15:36:04'),(9,NULL,'C493D8BB5A01E28D1B96D3313386311E','2025-10-30 15:36:26','2025-10-30 15:36:26'),(10,NULL,'C11CDEB26032370C14E0E8C7B099BF10','2025-11-01 10:38:25','2025-11-01 10:38:25'),(11,NULL,'3C1BA83EF075ECB1D52471BEC25ADF71','2025-11-01 10:41:24','2025-11-01 10:41:24'),(12,NULL,'B658D5CD0095FA8FB7195A1112F7D698','2025-11-01 10:43:18','2025-11-01 10:43:18'),(13,NULL,'DC2A2D2228DF114B84E1B61AC8E2D488','2025-11-01 10:44:48','2025-11-01 10:44:48'),(14,NULL,'DAC24F640594EC0E8FE9E3FF46CF4043','2025-11-01 10:49:08','2025-11-01 10:49:08'),(15,NULL,'6F6BE08A7A4FBED6A6A0F0FA915D1603','2025-11-01 10:49:43','2025-11-01 10:49:43'),(16,NULL,'9E1F99E2A0BC9E916505E7DC8982E1F1','2025-11-01 10:51:25','2025-11-01 10:51:25'),(17,NULL,'A47B035200AEB7BBE9CEEFD623D1E85C','2025-11-01 10:52:19','2025-11-01 10:52:19'),(18,NULL,'6F29A28DBC7295CDA88E5FEABE9A68C1','2025-11-01 10:52:59','2025-11-01 10:52:59'),(19,NULL,'57253AAED9B3EB1764097F24035C860A','2025-11-01 11:03:12','2025-11-01 11:03:12'),(20,NULL,'9C7A305B4D33A63976F69F74E2DC6055','2025-11-01 11:03:47','2025-11-01 11:03:47'),(21,NULL,'CDCBCF806AC60076575B65BFAA9C5CED','2025-11-01 11:08:19','2025-11-01 11:08:19'),(22,NULL,'1FA65789B47F1021657AE2E7D9FC6D14','2025-11-01 11:08:49','2025-11-01 11:08:49'),(23,NULL,'D3B67D12DBE19553EAAF930E30753EE6','2025-11-01 11:10:32','2025-11-01 11:10:32'),(24,NULL,'C041C1D58782A425C25E22605735D479','2025-11-01 11:12:39','2025-11-01 11:12:39'),(25,NULL,'F0F3D628A0662CE8407E5AC14EF16F5A','2025-11-01 11:16:09','2025-11-01 11:16:09'),(26,NULL,'1A59D4C70ECDE1EF80B1D86609CA2D71','2025-11-01 11:17:51','2025-11-01 11:17:51'),(27,NULL,'49C0C4262878DF0E19197FF88B56D430','2025-11-01 11:18:40','2025-11-01 11:18:40'),(28,NULL,'291EE5961F2E82DD240E0D1B8B01C644','2025-11-01 11:19:58','2025-11-01 11:19:58'),(29,NULL,'B99DCCA6424E4D9022DAC2106A58F233','2025-11-01 11:30:33','2025-11-01 11:30:33'),(30,NULL,'F8056D343B24F09ECB4B8D7CBD9F7B97','2025-11-01 11:33:52','2025-11-01 11:33:52'),(31,NULL,'5FF1EE0C80F32FAF79C3D5428BBF9D2E','2025-11-01 11:37:04','2025-11-01 11:37:04'),(32,NULL,'0CA5E8FCBB2DF1FD2918EADCCE2FA367','2025-11-01 11:38:03','2025-11-01 11:38:03'),(33,NULL,'9EAF9ACF9C4EB1A0FEF73BB57CF175C0','2025-11-01 11:38:49','2025-11-01 11:38:49'),(34,51,NULL,'2025-11-01 11:40:26','2025-11-01 11:40:26'),(35,NULL,'EDB42FA21EA1A2CBFA81020D71C03E8C','2025-11-01 11:43:29','2025-11-01 11:43:29'),(36,NULL,'DCD2980B4CAE191117BB108DD422DCF9','2025-11-01 11:51:11','2025-11-01 11:51:11'),(37,NULL,'D8ACF80C955B10569B190B3CDD20A1F0','2025-11-01 11:54:07','2025-11-01 11:54:07'),(38,NULL,'9791DF9EFEAA32570675AD49363B88C7','2025-11-01 12:00:38','2025-11-01 12:00:38'),(39,NULL,'9E7E81564E49DE2F8D56B2B6A7AF4663','2025-11-01 12:10:39','2025-11-01 12:10:39'),(40,NULL,'A1B33DA5F108A462E178F88FC55959A3','2025-11-01 12:17:41','2025-11-01 12:17:41'),(41,41,NULL,'2025-11-01 12:17:58','2025-11-01 12:17:58'),(42,NULL,'16ABA11458DBC2381E6A569FF3624FE3','2025-11-01 12:25:30','2025-11-01 12:25:30'),(43,42,NULL,'2025-11-01 12:25:40','2025-11-01 12:25:40'),(44,NULL,'407463A65F72605DB073E2461D9D685F','2025-11-01 12:26:58','2025-11-01 12:26:58'),(45,NULL,'6B077B69BB063DA991FAE6AFC400CEB8','2025-11-01 12:31:56','2025-11-01 12:31:56'),(46,NULL,'A7981A616F33A447435B641B1D14E5B4','2025-11-01 12:32:47','2025-11-01 12:32:47'),(47,NULL,'986BB7C9596868A8A9A30F9F34C5312E','2025-11-01 12:33:39','2025-11-01 12:33:39'),(48,NULL,'D140617DC31C76872F9D7C26906DA11D','2025-11-01 12:35:39','2025-11-01 12:35:39'),(49,NULL,'E0BCC75D77F35D4591E9C480F9D4ABE7','2025-11-03 10:52:15','2025-11-03 10:52:15'),(50,NULL,'4DD7CD265A5749B9D3E2E0F77C65851A','2025-11-03 11:03:23','2025-11-03 11:03:23'),(51,NULL,'33ED182E4BFE7A3955810C15F3867059','2025-11-03 11:03:55','2025-11-03 11:03:55'),(52,NULL,'B55199333A4750CD7443DE1DFD9F96F8','2025-11-03 11:04:16','2025-11-03 11:04:16'),(53,NULL,'97DC8570C2EA78EFB3FFE4F827D89D4A','2025-11-03 11:04:45','2025-11-03 11:04:45'),(54,NULL,'99EA4C20DA2953D724922E5D98E0449D','2025-11-03 11:05:03','2025-11-03 11:05:03'),(55,NULL,'422AC273E3DE4EE43F44C04F535F00D0','2025-11-03 11:05:25','2025-11-03 11:05:25'),(56,NULL,'3713FC328799CECDAEDA255F0A13867B','2025-11-03 11:06:15','2025-11-03 11:06:15'),(57,NULL,'45889E1415ECBC6C87D51C2EFD2E2738','2025-11-03 11:07:17','2025-11-03 11:07:17'),(58,NULL,'E2D0ED3B9A3F49AA3F29371898A7638E','2025-11-03 11:07:52','2025-11-03 11:07:52'),(59,NULL,'D623781CE3E19F5B26295739416EDEE0','2025-11-03 11:08:14','2025-11-03 11:08:14'),(60,NULL,'12AA48025E0FEDA35DDFDDD28CBBA7D0','2025-11-03 11:08:33','2025-11-03 11:08:33'),(61,NULL,'72B3138D77F8B980EE551EE77822CF52','2025-11-03 11:08:58','2025-11-03 11:08:58'),(62,NULL,'ADE8F478360561BA821D9A05DBF5FC18','2025-11-03 11:10:22','2025-11-03 11:10:22'),(63,NULL,'12CF6275C10CAF53CC9B82AB3F452D35','2025-11-03 11:13:40','2025-11-03 11:13:40'),(64,NULL,'3647B5106B0BB07CDE0A2C02DB655680','2025-11-03 13:11:13','2025-11-03 13:11:13'),(65,NULL,'58B2D3802D9D1825249D72878A2A26F3','2025-11-03 13:36:02','2025-11-03 13:36:02'),(66,35,NULL,'2025-11-04 18:40:55','2025-11-04 18:40:55'),(67,36,NULL,'2025-11-04 18:41:32','2025-11-04 18:41:32'),(68,37,NULL,'2025-11-04 18:42:35','2025-11-04 18:42:35'),(69,38,NULL,'2025-11-04 18:43:00','2025-11-04 18:43:00'),(70,NULL,'963B9A5871C94202DD3E2ED85985D121','2025-11-04 18:43:31','2025-11-04 18:43:31'),(71,39,NULL,'2025-11-04 18:43:38','2025-11-04 18:43:38'),(72,NULL,'A70AB88C5E9918B26AA204CEC80DBD2A','2025-11-04 18:44:13','2025-11-04 18:44:13'),(73,44,NULL,'2025-11-04 18:46:00','2025-11-04 18:46:00'),(74,NULL,'50C004E52740BD5254AB356D5A6C1AC2','2025-11-05 11:12:49','2025-11-05 11:12:49'),(75,NULL,'78033A998DDAD9756B7F7ED0A1B3BE4D','2025-11-05 11:15:27','2025-11-05 11:15:27'),(76,NULL,'2885F69C63419EB3B1FBAB0959F5F3D5','2025-11-05 12:03:38','2025-11-05 12:03:38');
/*!40000 ALTER TABLE `carrelli` ENABLE KEYS */;
UNLOCK TABLES;

--
-- Dumping data for table `carrello_items`
--

LOCK TABLES `carrello_items` WRITE;
/*!40000 ALTER TABLE `carrello_items` DISABLE KEYS */;
INSERT INTO `carrello_items` (`id_item`, `id_carrello`, `id_prodotto`, `quantita`, `data_aggiunta`) VALUES (14,10,3,2,'2025-11-01 10:38:25'),(16,11,6,1,'2025-11-01 10:41:24'),(17,12,6,1,'2025-11-01 10:43:18'),(18,13,6,1,'2025-11-01 10:44:48'),(19,14,6,6,'2025-11-01 10:49:08'),(20,15,6,1,'2025-11-01 10:49:43'),(21,15,7,1,'2025-11-01 10:49:44'),(22,16,6,1,'2025-11-01 10:51:25'),(23,16,7,1,'2025-11-01 10:51:26'),(24,17,6,1,'2025-11-01 10:52:19'),(25,18,6,10,'2025-11-01 10:52:59'),(26,19,6,1,'2025-11-01 11:03:12'),(27,19,7,1,'2025-11-01 11:03:13'),(28,20,6,1,'2025-11-01 11:03:47'),(29,21,5,11,'2025-11-01 11:08:19'),(30,22,1,12,'2025-11-01 11:08:49'),(31,23,6,11,'2025-11-01 11:10:32'),(42,24,6,10,'2025-11-01 11:12:39'),(43,25,5,1,'2025-11-01 11:16:09'),(44,26,1,10,'2025-11-01 11:17:51'),(45,27,6,32,'2025-11-01 11:18:40'),(46,28,6,14,'2025-11-01 11:19:58'),(47,29,5,1,'2025-11-01 11:30:33'),(48,30,6,38,'2025-11-01 11:33:52'),(49,31,1,11,'2025-11-01 11:37:04'),(54,34,2,1,'2025-11-01 11:40:26'),(55,34,5,20,'2025-11-01 11:40:26'),(56,35,1,13,'2025-11-01 11:43:29'),(57,36,1,11,'2025-11-01 11:51:11'),(77,45,6,10,'2025-11-01 12:31:56'),(78,46,2,12,'2025-11-01 12:32:47'),(82,43,5,12,'2025-11-03 10:53:53'),(83,50,5,1,'2025-11-03 11:03:23'),(84,51,5,1,'2025-11-03 11:03:55'),(85,52,6,1,'2025-11-03 11:04:16'),(86,53,6,1,'2025-11-03 11:04:45'),(87,54,6,1,'2025-11-03 11:05:03'),(88,55,6,1,'2025-11-03 11:05:25'),(89,56,5,1,'2025-11-03 11:06:15'),(90,57,5,1,'2025-11-03 11:07:17'),(91,58,5,1,'2025-11-03 11:07:52'),(92,59,5,1,'2025-11-03 11:08:14'),(93,60,5,1,'2025-11-03 11:08:33'),(94,61,6,1,'2025-11-03 11:08:58'),(104,8,6,13,'2025-11-03 11:20:48'),(121,69,54,1,'2025-11-04 18:43:25'),(133,74,6,8,'2025-11-05 11:12:49'),(134,75,1,16,'2025-11-05 11:15:27'),(149,3,2,1,'2025-11-05 11:27:23'),(150,3,3,1,'2025-11-05 11:27:23'),(151,76,1,1,'2025-11-05 12:03:38');
/*!40000 ALTER TABLE `carrello_items` ENABLE KEYS */;
UNLOCK TABLES;

--
-- Dumping data for table `CATEGORIA`
--

LOCK TABLES `CATEGORIA` WRITE;
/*!40000 ALTER TABLE `CATEGORIA` DISABLE KEYS */;
INSERT INTO `CATEGORIA` (`IdCategoria`, `NomeCategoria`) VALUES (1,'SMARTPHONE'),(2,'TABLET');
/*!40000 ALTER TABLE `CATEGORIA` ENABLE KEYS */;
UNLOCK TABLES;

--
-- Dumping data for table `COMPOSIZIONEORDINE`
--

LOCK TABLES `COMPOSIZIONEORDINE` WRITE;
/*!40000 ALTER TABLE `COMPOSIZIONEORDINE` DISABLE KEYS */;
INSERT INTO `COMPOSIZIONEORDINE` (`IdProdotto`, `IdOrdine`, `Quantita`) VALUES (1,1,1),(1,7,1),(2,3,1),(3,2,1),(5,4,10),(5,5,11),(7,6,21),(11,10,1),(19,10,1),(21,12,1),(35,14,1),(36,14,1),(37,3,1),(50,8,1),(52,13,2),(55,11,1),(61,9,1);
/*!40000 ALTER TABLE `COMPOSIZIONEORDINE` ENABLE KEYS */;
UNLOCK TABLES;

--
-- Dumping data for table `ORDINE`
--

LOCK TABLES `ORDINE` WRITE;
/*!40000 ALTER TABLE `ORDINE` DISABLE KEYS */;
INSERT INTO `ORDINE` (`IdOrdine`, `IdAccount`, `Stato`, `Totale`, `ScontoTotale`, `MetodoSpedizione`, `MetodoPagamento`) VALUES (1,19,'CONSEGNATO',979.00,0.00,'standard','paypal'),(2,53,'IN_ELABORAZIONE',881.10,0.00,'standard','carta'),(3,40,'ANNULLATO',1778.00,0.00,'standard','paypal'),(4,40,'in_attesa',2511.00,0.00,'standard','paypal'),(5,41,'CONFERMATO',2762.10,0.00,'standard','paypal'),(6,41,'in_attesa',5594.40,0.00,'standard','paypal'),(7,35,'in_attesa',979.00,0.00,'standard','paypal'),(8,36,'in_attesa',597.55,0.00,'standard','carta'),(9,37,'in_attesa',229.00,0.00,'standard','paypal'),(10,38,'in_attesa',1598.30,0.00,'standard','paypal'),(11,39,'in_attesa',999.00,0.00,'standard','paypal'),(12,39,'in_attesa',799.00,0.00,'standard','paypal'),(13,41,'in_attesa',1107.04,0.00,'standard','paypal'),(14,44,'in_attesa',996.42,0.00,'standard','paypal');
/*!40000 ALTER TABLE `ORDINE` ENABLE KEYS */;
UNLOCK TABLES;

--
-- Dumping data for table `PRODOTTO`
--

LOCK TABLES `PRODOTTO` WRITE;
/*!40000 ALTER TABLE `PRODOTTO` DISABLE KEYS */;
INSERT INTO `PRODOTTO` (`IdProdotto`, `DimSchermo`, `Connettivita`, `Prezzo`, `percentuale_sconto`, `Modello`, `Marca`, `SistemaOperativo`, `QtDisponibile`, `Colore`, `StorageDispositivo`, `Ram`, `IdCategoria`, `Immagine1`, `Immagine2`, `Immagine3`, `Immagine4`) VALUES (1,6.30,'5G',979.00,0.00,'Iphone 17','Apple','IOS',43,'Nero',256,18,1,'1761828696081_ASSET_MMS_161491924.webp','1761828696084_ASSET_MMS_161491925.webp','1761828696085_ASSET_MMS_161491926.webp','1761828696085_ASSET_MMS_161491927.webp'),(2,6.30,'5G',1229.00,0.00,'Iphone 17','Apple','IOS',39,'Titanio nero',512,18,1,'1761829498273_ASSET_MMS_161491924.webp','1761829498276_ASSET_MMS_161491925.webp','1761829498276_ASSET_MMS_161491926.webp','1761829498277_ASSET_MMS_161491927.webp'),(3,6.30,'5G',979.00,10.00,'Iphone 17','Apple','IOS',39,'Bianco',256,18,1,'1761829584301_ASSET_MMS_161491936.webp','1761829584301_ASSET_MMS_161491937.webp','1761829584302_ASSET_MMS_161491938.webp','1761829584303_ASSET_MMS_161491939.webp'),(4,6.30,'5G',1229.00,0.00,'Iphone 17','Apple','IOS',30,'Bianco',512,18,1,'1761829671813_ASSET_MMS_161491936.webp','1761829671814_ASSET_MMS_161491937.webp','1761829671814_ASSET_MMS_161491938.webp','1761829671815_ASSET_MMS_161491939.webp'),(5,6.10,'Wi-fi',279.00,10.00,'Iphone 12','Apple','IOS',19,'Titanio nero',256,4,1,'1761830414273_1.webp','1761830414277_2.webp','1761830414277_3.webp','1761830414278_4.webp'),(6,6.10,'Wi-fi',350.00,5.00,'Iphone 12','Apple','IOS',20,'Nero',512,4,1,'1761830458523_1.webp','1761830458524_2.webp','1761830458525_3.webp','1761830458525_4.webp'),(7,6.10,'Wi-fi',266.40,10.00,'Iphone 13','Apple','IOS',300,'Bianco',256,4,1,'1761830549890_1.webp','1761830549891_2.webp','1761830549891_3.webp','1761830549892_4.webp'),(8,6.10,'Wi-fi',320.00,4.00,'Iphone 13','Apple','IOS',2,'Bianco',512,4,1,'1761830585973_1.webp','1761830585973_2.webp','1761830585974_3.webp','1761830585974_4.webp'),(9,6.10,'Wi-fi',299.00,0.00,'Iphone 13','Apple','IOS',20,'Nero',256,4,1,'1761830622456_1.webp','1761830622457_2.webp','1761830622457_3.webp','1761830622457_4.webp'),(10,6.10,'5G',799.00,10.00,'Iphone 15','Apple','IOS',30,'Blu',256,6,1,'1761830914134_1.webp','1761830914135_2.webp','1761830914135_3.webp','1761830914136_4.webp'),(11,6.10,'5G',1099.00,20.00,'Iphone 15','Apple','IOS',29,'Blu',512,6,1,'1761831028781_1.webp','1761831028782_2.webp','1761831028782_3.webp','1761831028783_4.webp'),(12,6.10,'5G',625.00,0.00,'Iphone 15','Apple','IOS',30,'Blu',128,6,1,'1761831121057_1.webp','1761831121058_2.webp','1761831121058_3.webp','1761831121058_4.webp'),(13,6.10,'5G',699.00,10.00,'Iphone 15','Apple','IOS',40,'Nero',128,6,1,'1761831164504_1.webp','1761831164505_2.webp','1761831164506_3.webp','1761831164506_4.webp'),(14,6.10,'5G',699.00,4.00,'Iphone 15','Apple','IOS',30,'Nero',256,6,1,'1761831217601_1.webp','1761831217602_2.webp','1761831217602_3.webp','1761831217602_4.webp'),(15,6.10,'5G',1099.00,10.00,'Iphone 15','Apple','IOS',10,'Nero',512,6,1,'1761831256883_1.webp','1761831256884_2.webp','1761831256885_3.webp','1761831256885_4.webp'),(16,6.10,'5G',679.00,10.00,'Iphone 16e','Apple','IOS',17,'Bianco',128,8,1,'1761831335917_1.webp','1761831335918_2.webp','1761831335918_3.webp','1761831335919_4.webp'),(17,6.10,'5G',759.00,2.00,'Iphone 16e','Apple','IOS',20,'Bianco',256,8,1,'1761831370496_1.webp','1761831370497_2.webp','1761831370497_3.webp','1761831370497_4.webp'),(18,6.30,'5G',769.00,0.00,'Iphone 16','Apple','IOS',20,'Nero',128,8,1,'1761831448094_1.webp','1761831448094_2.webp','1761831448094_3.webp','1761831448095_4.webp'),(19,6.30,'5G',799.00,10.00,'Iphone 16','Apple','IOS',19,'Nero',256,8,1,'1761831493801_1.webp','1761831493801_2.webp','1761831493801_3.webp','1761831493802_4.webp'),(20,6.30,'5G',769.00,0.00,'Iphone 16','Apple','IOS',30,'Rosa',128,8,1,'1761832870828_1.webp','1761832870830_2.webp','1761832870830_3.webp','1761832870831_4.webp'),(21,6.30,'5G',799.00,0.00,'Iphone 16','Apple','IOS',19,'Rosa',512,8,1,'1761832916719_1.webp','1761832916720_2.webp','1761832916721_3.webp','1761832916721_4.webp'),(22,6.30,'5G',729.00,0.00,'Iphone 16','Apple','IOS',30,'Verde',128,8,1,'1761833006764_1.webp','1761833006764_2.webp','1761833006765_3.webp','1761833006765_4.webp'),(23,6.30,'5G',799.00,10.00,'Iphone 16','Apple','IOS',30,'Verde',256,8,1,'1761833098848_1.webp','1761833098849_2.webp','1761833098850_3.webp','1761833098850_4.webp'),(24,6.30,'5G',649.00,0.00,'Iphone 16e','Apple','IOS',32,'Nero',128,8,1,'1761833198017_1.webp','1761833198017_2.webp','1761833198018_3.webp','1761833198018_4.webp'),(25,6.30,'5G',759.00,0.00,'Iphone 16e','Apple','IOS',21,'Nero',256,8,1,'1761833239863_1.webp','1761833239863_2.webp','1761833239864_3.webp','1761833239864_4.webp'),(26,11.20,'5G',379.00,0.00,'Xiaomi Pad 7','Xiaomi','Andorid',30,'Blu',128,8,2,'1761833400834_1.webp','1761833400835_2.webp','1761833400835_3.webp','1761833400836_4.webp'),(27,6.30,'5G',952.00,0.00,'Iphone 16 pro','Apple','IOS',30,'Titanio bianco',256,8,1,'1761833529982_1.webp','1761833529982_2.webp','1761833529983_3.webp','1761833529984_4.webp'),(28,6.30,'5G',1000.00,8.00,'Iphone 16 pro','Apple','IOS',20,'Titanio bianco',512,8,1,'1761833564955_1.webp','1761833564955_2.webp','1761833564956_3.webp','1761833564956_4.webp'),(29,6.30,'5G',966.00,0.00,'Iphone 16pro','Apple','IOS',30,'Titanio naturale',256,8,1,'1761833625066_1.webp','1761833625067_2.webp','1761833625067_3.webp','1761833625068_4.webp'),(30,6.30,'5G',1000.00,10.00,'Iphone 16 pro','Apple','IOS',30,'Titanio naturale',512,8,1,'1761833717908_1.webp','1761833717908_2.webp','1761833717909_3.webp','1761833717910_4.webp'),(31,6.30,'5G',900.00,6.00,'Iphone 16 pro','Apple','IOS',20,'Titanio nero',256,8,1,'1761833764594_1.webp','1761833764595_2.webp','1761833764595_3.webp','1761833764596_4.webp'),(32,6.30,'5G',1000.00,10.00,'Iphone 16 pro','Apple','IOS',40,'Titanio nero',512,8,1,'1761833792675_1.webp','1761833792676_2.webp','1761833792677_3.webp','1761833792677_4.webp'),(33,6.70,'5G',229.00,2.00,'Galaxy a26','Samsung','Andorid',50,'Mint',128,6,1,'1761833873769_1.webp','1761833873769_2.webp','1761833873770_3.webp','1761833873770_4.webp'),(34,6.70,'5G',399.00,0.00,'Galaxy a26','Samsung','Andorid',30,'Mint',256,6,1,'1761833920342_1.webp','1761833920342_2.webp','1761833920343_3.webp','1761833920343_4.webp'),(35,6.70,'5G',429.00,0.00,'Galaxy a56','Samsung','Andorid',39,'Graphite',256,8,1,'1761833998076_1.webp','1761833998076_2.webp','1761833998077_3.webp','1761833998077_4.webp'),(36,6.20,'5G',579.00,2.00,'Galaxy s24','Samsung','Andorid',29,'Black',256,8,1,'1761834085205_1.webp','1761834085205_2.webp','1761834085206_3.webp','1761834085206_4.webp'),(37,10.90,'5G',549.00,0.00,'Galaxy Tab S10 FE','Samsung','Andorid',29,'Grey',256,8,2,'1761834204150_1.webp','1761834204151_2.webp','1761834204151_3.webp','1761834204152_4.webp'),(38,12.10,'Wi-fi',299.00,0.00,'Honor pad 10','Honor','Andorid',20,'Grey',256,8,2,'1761834305503_1.webp','1761834305504_2.webp','1761834305504_3.webp','1761834305505_4.webp'),(39,11.00,'Wi-fi',629.00,0.00,'Ipad air M3','Apple','IOS',30,'Grigio Siderale',128,8,2,'1761918255332_1.webp','1761918255335_2.webp','1761918255336_3.webp','1761918255336_4.jpeg'),(40,11.00,'Wi-fi',749.00,0.00,'Ipad air M3','Apple','IOS',20,'Grigio Siderale',256,8,2,'1761918310337_1.webp','1761918310337_2.webp','1761918310337_3.webp','1761918310338_4.jpeg'),(41,11.00,'Wi-fi',999.00,15.00,'Ipad air M3','Apple','IOS',20,'Grigio Siderale',512,8,2,'1761918351167_1.webp','1761918351167_2.webp','1761918351168_3.webp','1761918351168_4.jpeg'),(42,11.00,'Wi-fi',369.00,0.00,'Ipad a16','Apple','IOS',40,'Blu',128,4,2,'1761918401937_1.webp','1761918401938_2.webp','1761918401938_3.webp','1761918401938_4.webp'),(43,11.00,'Wi-fi',499.00,0.00,'Ipad a16','Apple','IOS',30,'Blu',256,4,2,'1761918451786_1.webp','1761918451786_2.webp','1761918451786_3.webp','1761918451786_4.webp'),(44,11.00,'Wi-fi',749.00,4.00,'Ipad a16','Apple','IOS',20,'Blu',512,4,2,'1761918509791_1.webp','1761918509793_2.webp','1761918509793_3.webp','1761918509793_4.webp'),(45,11.00,'Wi-fi',369.00,0.00,'Ipad a16','Apple','IOS',30,'Rosa',128,4,2,'1761918629569_1.webp','1761918629570_2.webp','1761918629571_3.webp','1761918629571_4.webp'),(46,11.00,'Wi-fi',499.00,0.00,'Ipad a16','Apple','IOS',23,'Rosa',256,4,2,'1761918892384_1.webp','1761918892385_2.webp','1761918892386_3.webp','1761918892386_4.webp'),(47,11.00,'Wi-fi',749.00,0.00,'Ipad a16','Apple','IOS',30,'Rosa',512,4,2,'1761918962411_1.webp','1761918962412_2.webp','1761918962413_3.webp','1761918962413_4.webp'),(49,11.00,'Wi-fi',499.00,0.00,'Ipad a16','Apple','IOS',30,'Argento',256,4,2,'1761919134808_1.webp','1761919134809_2.webp','1761919134809_3.webp','1761919134810_4.webp'),(50,11.00,'Wi-fi',629.00,5.00,'Ipad air M3','Apple','IOS',39,'Blu',256,8,2,'1762280486995_1.webp','1762280486999_2.webp','1762280486999_3.webp','1762280487000_4.jpeg'),(51,11.00,'Wi-fi',999.00,0.00,'Ipad air M3','Apple','IOS',30,'Blu',512,8,2,'1762280530491_1.webp','1762280530491_2.webp','1762280530492_3.webp','1762280530492_4.jpeg'),(52,11.00,'Wi-fi',629.00,12.00,'Ipad air M3','Apple','IOS',38,'Galassia',256,8,2,'1762280568090_1.webp','1762280568090_2.webp','1762280568091_3.webp','1762280568091_4.jpeg'),(53,11.00,'Wi-fi',999.00,10.00,'Ipad air M3','Apple','IOS',40,'Galassia',512,8,2,'1762280599474_1.webp','1762280599475_2.webp','1762280599475_3.webp','1762280599476_4.jpeg'),(54,11.00,'Wi-fi',534.65,15.00,'Ipad air M3','Apple','IOS',30,'Viola',256,8,2,'1762280644673_1.webp','1762280644673_2.webp','1762280644674_3.webp','1762280644674_4.jpeg'),(55,11.00,'Wi-fi',999.00,0.00,'Ipad air M3','Apple','IOS',11,'Viola',512,8,2,'1762280670008_1.webp','1762280670009_2.webp','1762280670009_3.webp','1762280670010_4.jpeg'),(56,8.30,'Wi-fi',500.00,20.00,'Ipad mini a17','Apple','IOS',20,'Grigio Siderale',128,8,2,'1762280807356_1.webp','1762280807356_2.webp','1762280807357_3.webp','1762280807357_4.webp'),(57,13.00,'Wi-fi',1799.00,0.00,'Ipad pro M4','Apple','IOS',30,'Nero Siderale',512,8,2,'1762280857638_1.webp','1762280857639_2.webp','1762280857639_3.webp','1762280857640_4.webp'),(58,13.00,'Wi-fi',1499.00,2.00,'Ipad pro M4','Apple','IOS',30,'Nero Siderale',256,8,2,'1762280900041_1.webp','1762280900041_2.webp','1762280900042_3.webp','1762280900042_4.webp'),(59,11.00,'Wi-fi',199.00,0.00,'Idea Tab','Lenovo','Andorid',200,'Luna Grey',128,8,2,'1762280956807_1.webp','1762280956807_2.webp','1762280956808_3.webp','1762280956808_4.webp'),(60,11.00,'Wi-fi',174.00,0.00,'Tab M11','Lenovo','Andorid',100,'Gray',128,4,2,'1762281013617_1.webp','1762281013618_2.webp','1762281013618_3.webp','1762281013618_4.avif'),(61,11.50,'Wi-fi',229.00,0.00,'Tab plus','Lenovo','IOS',19,'Luna Grey',128,8,2,'1762281070813_1.webp','1762281070813_2.webp','1762281070814_3.webp','1762281070814_4.webp'),(62,6.60,'5G',179.00,10.00,'A5 pro','Oppo','Andorid',30,'Nero',256,8,1,'1762281122312_1.webp','1762281122313_2.webp','1762281122313_3.webp','1762281122314_4.webp'),(63,6.10,'5G',399.00,0.00,'Pixel 8a','Google','Andorid',40,'Blu',128,8,1,'1762281285424_1.webp','1762281285424_2.webp','1762281285425_3.webp','1762281285425_4.webp'),(64,6.60,'5G',124.00,0.00,'Redmi Note 14','Xiaomi','Andorid',40,'Blu',128,8,1,'1762281346584_1.webp','1762281346585_2.webp','1762281346585_3.webp','1762281346585_4.webp');
/*!40000 ALTER TABLE `PRODOTTO` ENABLE KEYS */;
UNLOCK TABLES;

--
-- Dumping data for table `UTENTE`
--

LOCK TABLES `UTENTE` WRITE;
/*!40000 ALTER TABLE `UTENTE` DISABLE KEYS */;
INSERT INTO `UTENTE` (`IdAccount`, `Nome`, `Cognome`, `Email`, `PasswordHash`, `Telefono`, `IndirizzoSpedizione`, `isAdmin`, `stato`) VALUES (19,'Test1','User','test1@test.com','d404559f602eab6fd602ac7680dacbfaadd13630335e951f097af3900e9de176b6db28512f2e000b9d04fba5133e8b1c6e8df59db3a8ab9d60be4b97cc9e81db','33928743568','Via Roma, Roma',0,'DISATTIVATO'),(34,'Test','User','test@test.com','d404559f602eab6fd602ac7680dacbfaadd13630335e951f097af3900e9de176b6db28512f2e000b9d04fba5133e8b1c6e8df59db3a8ab9d60be4b97cc9e81db',NULL,NULL,1,'attivo'),(35,'Test16','User','test16@test.com','d404559f602eab6fd602ac7680dacbfaadd13630335e951f097af3900e9de176b6db28512f2e000b9d04fba5133e8b1c6e8df59db3a8ab9d60be4b97cc9e81db','+39 333 100 0016','Via Roma 16, 00100 Roma RM',0,'attivo'),(36,'Test17','User','test17@test.com','d404559f602eab6fd602ac7680dacbfaadd13630335e951f097af3900e9de176b6db28512f2e000b9d04fba5133e8b1c6e8df59db3a8ab9d60be4b97cc9e81db','+39 333 100 0017','Corso Milano 17, 20100 Milano MI',0,'attivo'),(37,'Test18','User','test18@test.com','d404559f602eab6fd602ac7680dacbfaadd13630335e951f097af3900e9de176b6db28512f2e000b9d04fba5133e8b1c6e8df59db3a8ab9d60be4b97cc9e81db','+39 333 100 0018','Piazza Dante 18, 80100 Napoli NA',0,'attivo'),(38,'Test19','User','test19@test.com','d404559f602eab6fd602ac7680dacbfaadd13630335e951f097af3900e9de176b6db28512f2e000b9d04fba5133e8b1c6e8df59db3a8ab9d60be4b97cc9e81db','+39 333 100 0019','Viale Trieste 19, 90100 Palermo PA',0,'attivo'),(39,'Test20','User','test20@test.com','d404559f602eab6fd602ac7680dacbfaadd13630335e951f097af3900e9de176b6db28512f2e000b9d04fba5133e8b1c6e8df59db3a8ab9d60be4b97cc9e81db','+39 333 100 0020','Via Garibaldi 20, 43100 Parma PR',0,'attivo'),(40,'Test21','User','test21@test.com','d404559f602eab6fd602ac7680dacbfaadd13630335e951f097af3900e9de176b6db28512f2e000b9d04fba5133e8b1c6e8df59db3a8ab9d60be4b97cc9e81db','+39 333 100 0021','Piazza Municipio 21, 27100 Pavia PV',0,'attivo'),(41,'Test22','User','test22@test.com','d404559f602eab6fd602ac7680dacbfaadd13630335e951f097af3900e9de176b6db28512f2e000b9d04fba5133e8b1c6e8df59db3a8ab9d60be4b97cc9e81db','+39 333 100 0022','Via Cavour 22, 50100 Firenze FI',0,'attivo'),(42,'Test23','User','test23@test.com','d404559f602eab6fd602ac7680dacbfaadd13630335e951f097af3900e9de176b6db28512f2e000b9d04fba5133e8b1c6e8df59db3a8ab9d60be4b97cc9e81db','+39 333 100 0023','Corso Vittorio Emanuele 23, 70100 Bari BA',0,'attivo'),(43,'Test24','User','test24@test.com','d404559f602eab6fd602ac7680dacbfaadd13630335e951f097af3900e9de176b6db28512f2e000b9d04fba5133e8b1c6e8df59db3a8ab9d60be4b97cc9e81db','+39 333 100 0024','Via Po 24, 10100 Torino TO',0,'attivo'),(44,'Test25','User','test25@test.com','d404559f602eab6fd602ac7680dacbfaadd13630335e951f097af3900e9de176b6db28512f2e000b9d04fba5133e8b1c6e8df59db3a8ab9d60be4b97cc9e81db','+39 333 100 0025','Lungomare 25, 57100 Livorno LI',0,'attivo'),(45,'Test26','User','test26@test.com','d404559f602eab6fd602ac7680dacbfaadd13630335e951f097af3900e9de176b6db28512f2e000b9d04fba5133e8b1c6e8df59db3a8ab9d60be4b97cc9e81db','+39 333 100 0026','Via Manzoni 26, 29100 Piacenza PC',0,'attivo'),(46,'Test27','User','test27@test.com','d404559f602eab6fd602ac7680dacbfaadd13630335e951f097af3900e9de176b6db28512f2e000b9d04fba5133e8b1c6e8df59db3a8ab9d60be4b97cc9e81db','+39 333 100 0027','Piazza della Repubblica 27, 00185 Roma RM',0,'attivo'),(47,'Test28','User','test28@test.com','d404559f602eab6fd602ac7680dacbfaadd13630335e951f097af3900e9de176b6db28512f2e000b9d04fba5133e8b1c6e8df59db3a8ab9d60be4b97cc9e81db','+39 333 100 0028','Via Leopardi 28, 43121 Parma PR',0,'attivo'),(48,'Test29','User','test29@test.com','d404559f602eab6fd602ac7680dacbfaadd13630335e951f097af3900e9de176b6db28512f2e000b9d04fba5133e8b1c6e8df59db3a8ab9d60be4b97cc9e81db','+39 333 100 0029','Viale della Libertà 29, 80121 Napoli NA',0,'attivo'),(49,'Test30','User','test30@test.com','d404559f602eab6fd602ac7680dacbfaadd13630335e951f097af3900e9de176b6db28512f2e000b9d04fba5133e8b1c6e8df59db3a8ab9d60be4b97cc9e81db','+39 333 100 0030','Via San Marco 30, 30100 Venezia VE',0,'attivo'),(50,'Test31','User','test31@test.com','d404559f602eab6fd602ac7680dacbfaadd13630335e951f097af3900e9de176b6db28512f2e000b9d04fba5133e8b1c6e8df59db3a8ab9d60be4b97cc9e81db','+39 333 100 0031','Corso Umberto I 31, 90133 Palermo PA',0,'attivo'),(51,'Test32','User','test32@test.com','d404559f602eab6fd602ac7680dacbfaadd13630335e951f097af3900e9de176b6db28512f2e000b9d04fba5133e8b1c6e8df59db3a8ab9d60be4b97cc9e81db','+39 333 100 0032','Via XX Settembre 32, 16121 Genova GE',0,'attivo'),(52,'Test33','User','test33@test.com','d404559f602eab6fd602ac7680dacbfaadd13630335e951f097af3900e9de176b6db28512f2e000b9d04fba5133e8b1c6e8df59db3a8ab9d60be4b97cc9e81db','+39 333 100 0033','Piazza Sant\'Oronzo 33, 73100 Lecce LE',0,'attivo'),(53,'Test34','User','test34@test.com','4b337933705cefd2353d9c23d0004ee236dec52b4001d4a59054a962e33e5df274c98c0fac2081acdd998d6d198353322c87dcb75b8461d52a283a6b74d9775e','+39 333 100 0034','Via Roma 34, 50122 Firenze FI',0,'attivo'),(54,'Test35','User','test35@test.com','d404559f602eab6fd602ac7680dacbfaadd13630335e951f097af3900e9de176b6db28512f2e000b9d04fba5133e8b1c6e8df59db3a8ab9d60be4b97cc9e81db','+39 333 100 0035','Corso Buenos Aires 35, 20124 Milano MI',0,'attivo'),(55,'Test36','User','test36@test.com','d404559f602eab6fd602ac7680dacbfaadd13630335e951f097af3900e9de176b6db28512f2e000b9d04fba5133e8b1c6e8df59db3a8ab9d60be4b97cc9e81db','+39 333 100 0036','Via Mazzini 36, 37121 Verona VR',0,'attivo'),(56,'Test37','User','test37@test.com','d404559f602eab6fd602ac7680dacbfaadd13630335e951f097af3900e9de176b6db28512f2e000b9d04fba5133e8b1c6e8df59db3a8ab9d60be4b97cc9e81db','+39 333 100 0037','Piazza Bra 37, 37121 Verona VR',0,'attivo'),(57,'Test38','User','test38@test.com','d404559f602eab6fd602ac7680dacbfaadd13630335e951f097af3900e9de176b6db28512f2e000b9d04fba5133e8b1c6e8df59db3a8ab9d60be4b97cc9e81db','+39 333 100 0038','Via Roma 38, 80133 Napoli NA',0,'attivo'),(58,'Test39','User','test39@test.com','d404559f602eab6fd602ac7680dacbfaadd13630335e951f097af3900e9de176b6db28512f2e000b9d04fba5133e8b1c6e8df59db3a8ab9d60be4b97cc9e81db','+39 333 100 0039','Viale dei Tigli 39, 59100 Prato PO',0,'attivo'),(59,'Test40','User','test40@test.com','d404559f602eab6fd602ac7680dacbfaadd13630335e951f097af3900e9de176b6db28512f2e000b9d04fba5133e8b1c6e8df59db3a8ab9d60be4b97cc9e81db','+39 333 100 0040','Piazza Garibaldi 40, 84121 Salerno SA',0,'attivo'),(60,'Test41','User','test41@test.com','d404559f602eab6fd602ac7680dacbfaadd13630335e951f097af3900e9de176b6db28512f2e000b9d04fba5133e8b1c6e8df59db3a8ab9d60be4b97cc9e81db','+39 333 100 0041','Via Nazionale 41, 00184 Roma RM',0,'attivo'),(61,'Test42','User','test42@test.com','d404559f602eab6fd602ac7680dacbfaadd13630335e951f097af3900e9de176b6db28512f2e000b9d04fba5133e8b1c6e8df59db3a8ab9d60be4b97cc9e81db','+39 333 100 0042','Corso Venezia 42, 20121 Milano MI',0,'attivo'),(62,'Test43','User','test43@test.com','d404559f602eab6fd602ac7680dacbfaadd13630335e951f097af3900e9de176b6db28512f2e000b9d04fba5133e8b1c6e8df59db3a8ab9d60be4b97cc9e81db','+39 333 100 0043','Via Toledo 43, 80134 Napoli NA',0,'attivo'),(63,'Test44','User','test44@test.com','d404559f602eab6fd602ac7680dacbfaadd13630335e951f097af3900e9de176b6db28512f2e000b9d04fba5133e8b1c6e8df59db3a8ab9d60be4b97cc9e81db','+39 333 100 0044','Viale Libertà 44, 90143 Palermo PA',0,'attivo'),(64,'Test45','User','test45@test.com','d404559f602eab6fd602ac7680dacbfaadd13630335e951f097af3900e9de176b6db28512f2e000b9d04fba5133e8b1c6e8df59db3a8ab9d60be4b97cc9e81db','+39 333 100 0045','Via Emilia 45, 43121 Parma PR',0,'attivo'),(65,'Test46','User','test46@test.com','d404559f602eab6fd602ac7680dacbfaadd13630335e951f097af3900e9de176b6db28512f2e000b9d04fba5133e8b1c6e8df59db3a8ab9d60be4b97cc9e81db','+39 333 100 0046','Piazza Carlo Felice 46, 10123 Torino TO',0,'attivo'),(66,'Test47','User','test47@test.com','d404559f602eab6fd602ac7680dacbfaadd13630335e951f097af3900e9de176b6db28512f2e000b9d04fba5133e8b1c6e8df59db3a8ab9d60be4b97cc9e81db','+39 333 100 0047','Via Roma 47, 50123 Firenze FI',0,'attivo'),(67,'Test48','User','test48@test.com','d404559f602eab6fd602ac7680dacbfaadd13630335e951f097af3900e9de176b6db28512f2e000b9d04fba5133e8b1c6e8df59db3a8ab9d60be4b97cc9e81db','+39 333 100 0048','Corso Umberto I 48, 70122 Bari BA',0,'attivo'),(68,'Test49','User','test49@test.com','d404559f602eab6fd602ac7680dacbfaadd13630335e951f097af3900e9de176b6db28512f2e000b9d04fba5133e8b1c6e8df59db3a8ab9d60be4b97cc9e81db','+39 333 100 0049','Via Garibaldi 49, 16124 Genova GE',0,'attivo'),(69,'Test50','User','test50@test.com','d404559f602eab6fd602ac7680dacbfaadd13630335e951f097af3900e9de176b6db28512f2e000b9d04fba5133e8b1c6e8df59db3a8ab9d60be4b97cc9e81db','+39 333 100 0050','Viale Marconi 50, 09131 Cagliari CA',0,'attivo'),(70,'Test51','User','test51@test.com','d404559f602eab6fd602ac7680dacbfaadd13630335e951f097af3900e9de176b6db28512f2e000b9d04fba5133e8b1c6e8df59db3a8ab9d60be4b97cc9e81db','+39 333 100 0051','Via Mazzini 51, 37122 Verona VR',0,'attivo'),(71,'Test52','User','test52@test.com','d404559f602eab6fd602ac7680dacbfaadd13630335e951f097af3900e9de176b6db28512f2e000b9d04fba5133e8b1c6e8df59db3a8ab9d60be4b97cc9e81db','+39 333 100 0052','Piazza Garibaldi 52, 43121 Parma PR',0,'attivo'),(72,'Test53','User','test53@test.com','d404559f602eab6fd602ac7680dacbfaadd13630335e951f097af3900e9de176b6db28512f2e000b9d04fba5133e8b1c6e8df59db3a8ab9d60be4b97cc9e81db','+39 333 100 0053','Via Manzoni 53, 80123 Napoli NA',0,'attivo'),(73,'Test54','User','test54@test.com','d404559f602eab6fd602ac7680dacbfaadd13630335e951f097af3900e9de176b6db28512f2e000b9d04fba5133e8b1c6e8df59db3a8ab9d60be4b97cc9e81db','+39 333 100 0054','Via Dante 54, 90139 Palermo PA',0,'attivo'),(74,'Test55','User','test55@test.com','d404559f602eab6fd602ac7680dacbfaadd13630335e951f097af3900e9de176b6db28512f2e000b9d04fba5133e8b1c6e8df59db3a8ab9d60be4b97cc9e81db','+39 333 100 0055','Via Cavour 55, 50129 Firenze FI',0,'attivo');
/*!40000 ALTER TABLE `UTENTE` ENABLE KEYS */;
UNLOCK TABLES;
/*!40103 SET TIME_ZONE=@OLD_TIME_ZONE */;

/*!40101 SET SQL_MODE=@OLD_SQL_MODE */;
/*!40014 SET FOREIGN_KEY_CHECKS=@OLD_FOREIGN_KEY_CHECKS */;
/*!40014 SET UNIQUE_CHECKS=@OLD_UNIQUE_CHECKS */;
/*!40101 SET CHARACTER_SET_CLIENT=@OLD_CHARACTER_SET_CLIENT */;
/*!40101 SET CHARACTER_SET_RESULTS=@OLD_CHARACTER_SET_RESULTS */;
/*!40101 SET COLLATION_CONNECTION=@OLD_COLLATION_CONNECTION */;
/*!40111 SET SQL_NOTES=@OLD_SQL_NOTES */;

-- Dump completed on 2025-11-05 15:19:36
